-- NOTE:
-- Make sure to run create_tables.sql before running this file

INSERT INTO PERSON VALUES ('1012345678','Omar','AlHarbi','omar.harbi@gmail.com','0501234001');
INSERT INTO PERSON VALUES ('1019876543','Sara','AlQahtani','sara.qahtani@gmail.com','0548231900');
INSERT INTO PERSON VALUES ('1023456798','Faisal','AlOtaibi','faisal.otaibi@gmail.com','0559874312');
INSERT INTO PERSON VALUES ('1029876501','Lama','AlMutairi','lama.mutairi@gmail.com','0582347655');
INSERT INTO PERSON VALUES ('1032465790','Abdullah','AlShammari','abdullah.sh@gmail.com','0506654321');
INSERT INTO PERSON VALUES ('1039753102','Reem','AlGhamdi','reem.gh@gmail.com','0567432109');
INSERT INTO PERSON VALUES ('1045632987','Khalid','AlShehri','khalid.shehri@gmail.com','0598876543');
INSERT INTO PERSON VALUES ('1048921376','Hala','AlZahrani','hala.zhr@gmail.com','0551122345');
INSERT INTO PERSON VALUES ('1054317698','Mohammed','AlAnazi','moh.anazi@gmail.com','0549988776');
INSERT INTO PERSON VALUES ('1057623491','Maha','AlFaisal','maha.faisal@gmail.com','0586677123');


INSERT INTO COLLEGE_OF_CS VALUES (1, 'Jeddah', '0126952000');
INSERT INTO COLLEGE_OF_CS VALUES (2, 'Rabigh', '0124221234');
INSERT INTO COLLEGE_OF_CS VALUES (3, 'Khulais', '0124215678');
INSERT INTO COLLEGE_OF_CS VALUES (4, 'Al-Kamil', '0124239876');


INSERT INTO DEPARTMENT VALUES (10, 'Computer Science', '0126952100', 'CS-120', 1);
INSERT INTO DEPARTMENT VALUES (20, 'Information Systems', '0126952200', 'IS-210', 1);
INSERT INTO DEPARTMENT VALUES (30, 'Software Engineering', '0124222300', 'SE-110', 2);
INSERT INTO DEPARTMENT VALUES (40, 'Information Technology', '0124212400', 'IT-130', 3);
INSERT INTO DEPARTMENT VALUES (50, 'Cyber Security', '0124232500', 'CY-140', 4);


INSERT INTO SEMESTER VALUES (101, 'Fall 2024', DATE '2024-08-20', DATE '2024-12-20');
INSERT INTO SEMESTER VALUES (102, 'Spring 2025', DATE '2025-01-15', DATE '2025-05-20');
INSERT INTO SEMESTER VALUES (103, 'Summer 2025', DATE '2025-06-10', DATE '2025-08-10');
INSERT INTO SEMESTER VALUES (104, 'Fall 2025', DATE '2025-08-20', DATE '2025-12-20');


INSERT INTO COURSE VALUES (1001, 'Programming I', 3, 10);
INSERT INTO COURSE VALUES (1002, 'Database Systems', 3, 20);
INSERT INTO COURSE VALUES (1003, 'Software Design', 3, 30);
INSERT INTO COURSE VALUES (1004, 'Network Fundamentals', 3, 40);
INSERT INTO COURSE VALUES (1005, 'Cyber Defense', 3, 50);



INSERT INTO STUDENT VALUES ('1012345678', 'Male', 'Jeddah', 2021, 10);
INSERT INTO STUDENT VALUES ('1019876543', 'Female', 'Jeddah', 2021, 20);
INSERT INTO STUDENT VALUES ('1023456798', 'Male', 'Rabigh', 2022, 30);
INSERT INTO STUDENT VALUES ('1029876501', 'Female', 'Khulais', 2022, 40);
INSERT INTO STUDENT VALUES ('1032465790', 'Male', 'Al-Kamil', 2023, 50);
INSERT INTO STUDENT VALUES ('1039753102', 'Female', 'Jeddah', 2023, 10);
INSERT INTO STUDENT VALUES ('1045632987', 'Male', 'Rabigh', 2024, 30);
INSERT INTO STUDENT VALUES ('1048921376', 'Female', 'Khulais', 2024, 40);
INSERT INTO STUDENT VALUES ('1054317698', 'Male', 'Al-Kamil', 2023, 50);
INSERT INTO STUDENT VALUES ('1057623491', 'Female', 'Jeddah', 2024, 20);



INSERT INTO UNDER_GRADUATE VALUES ('1012345678', 4);
INSERT INTO UNDER_GRADUATE VALUES ('1019876543', 3);
INSERT INTO UNDER_GRADUATE VALUES ('1029876501', 2);
INSERT INTO UNDER_GRADUATE VALUES ('1045632987', 5);
INSERT INTO UNDER_GRADUATE VALUES ('1048921376', 1);
INSERT INTO UNDER_GRADUATE VALUES ('1054317698', 6);


INSERT INTO MASTER VALUES ('1023456798', 'Software Engineering');
INSERT INTO MASTER VALUES ('1039753102', 'Information Systems');
INSERT INTO MASTER VALUES ('1057623491', 'Computer Science');

INSERT INTO PHD VALUES ('1032465790', 'Cyber Security Research');



INSERT INTO INSTRUCTOR VALUES ('2011122334','B120',10,'Assistant Professor',4,'Full-Time','Yes');
INSERT INTO INSTRUCTOR VALUES ('2012233445','B121',20,'Lecturer',3,'Part-Time','No');
INSERT INTO INSTRUCTOR VALUES ('2013344556','B122',30,'Professor',12,'Full-Time','Yes');
INSERT INTO INSTRUCTOR VALUES ('2014455667','B123',40,'Assistant Professor',5,'Full-Time','Yes');
INSERT INTO INSTRUCTOR VALUES ('2015566778','B124',50,'Lecturer',2,'Part-Time','No');


INSERT INTO OFFERED_IN VALUES (1001, 101); 
INSERT INTO OFFERED_IN VALUES (1002, 101);
INSERT INTO OFFERED_IN VALUES (1003, 102); 
INSERT INTO OFFERED_IN VALUES (1004, 103); 
INSERT INTO OFFERED_IN VALUES (1005, 104); 


INSERT INTO TEACHES VALUES ('2011122334', 1001);
INSERT INTO TEACHES VALUES ('2012233445', 1002); 
INSERT INTO TEACHES VALUES ('2013344556', 1003);
INSERT INTO TEACHES VALUES ('2014455667', 1004); 
INSERT INTO TEACHES VALUES ('2015566778', 1005);


INSERT INTO ENROLLMENT VALUES (5001,'Active',    DATE '2024-09-01', NULL,'1012345678',1001,101);
INSERT INTO ENROLLMENT VALUES (5002,'Completed', DATE '2024-12-20','A','1019876543',1002,101);
INSERT INTO ENROLLMENT VALUES (5003,'Completed', DATE '2025-05-18','B','1023456798',1003,102);
INSERT INTO ENROLLMENT VALUES (5004,'Active',    DATE '2025-06-15', NULL,'1029876501',1004,103);
INSERT INTO ENROLLMENT VALUES (5005,'Completed', DATE '2025-12-20','A','1032465790',1005,104);
INSERT INTO ENROLLMENT VALUES (5006,'Completed', DATE '2024-12-20','B','1039753102',1001,101);
INSERT INTO ENROLLMENT VALUES (5007,'Active',    DATE '2025-02-10', NULL,'1045632987',1003,102);
INSERT INTO ENROLLMENT VALUES (5008,'Completed', DATE '2025-08-05','A','1048921376',1004,103);
INSERT INTO ENROLLMENT VALUES (5009,'Completed', DATE '2025-12-22','C','1054317698',1005,104);
INSERT INTO ENROLLMENT VALUES (5010,'Active',    DATE '2024-09-03', NULL,'1057623491',1002,101);


INSERT INTO PERSON VALUES ('2011122334','Adel','AlHarthi','adel.harthi@kau.edu.sa','0508001122');
INSERT INTO PERSON VALUES ('2012233445','Mona','AlSubhi','mona.subhi@kau.edu.sa','0549002211');
INSERT INTO PERSON VALUES ('2013344556','Khaled','AlZahrani','khaled.zahrani@kau.edu.sa','0557003344');
INSERT INTO PERSON VALUES ('2014455667','Rania','AlGhamdi','rania.ghamdi@kau.edu.sa','0586004455');
INSERT INTO PERSON VALUES ('2015566778','Nasser','AlOtaibi','nasser.otaibi@kau.edu.sa','0595005566');
